Id,Label
tt1142988_0,Opening Image
tt1285016_0,Opening Image
tt1568346_0,Opening Image
tt1632708_0,Opening Image
tt0822832_1,Opening Image
tt1142988_1,Opening Image
tt1193138_1,Opening Image
tt1907668_1,Opening Image
tt1285016_1,Opening Image
tt1045658_1,Opening Image
tt1385826_1,Opening Image
tt1010048_1,Opening Image
tt1570728_1,Opening Image
tt1632708_1,Opening Image
tt1454029_1,Opening Image
tt1632708_2,Set-Up
tt1568346_2,Opening Image
tt1798709_2,Opening Image
tt0988595_2,Opening Image
tt2267998_2,Opening Image
tt1193138_2,Opening Image
tt0822832_2,Opening Image
tt1570728_2,Opening Image
tt1499658_2,Opening Image
tt1385826_2,Opening Image
tt1454029_2,Opening Image
tt1010048_2,Opening Image
tt1499658_3,Opening Image
tt2267998_3,Opening Image
tt1798709_3,Opening Image
tt1570728_3,Set-Up
tt1285016_3,Set-Up
tt1568346_3,Set-Up
tt1010048_3,Set-Up
tt1045658_3,Opening Image
tt1193138_3,Set-Up
tt1632708_3,Set-Up
tt0988595_3,Opening Image
tt1189340_3,Opening Image
tt1798709_4,Set-Up
tt1142988_4,Set-Up
tt0822832_4,Set-Up
tt1570728_4,Set-Up
tt1045658_4,Set-Up
tt1189340_4,Opening Image
tt1385826_4,Set-Up
tt1285016_4,Set-Up
tt1454029_4,Set-Up
tt1499658_4,Set-Up
tt1568346_4,Set-Up
tt1193138_4,Set-Up
tt2267998_4,Set-Up
tt0988595_4,Set-Up
tt1010048_4,Set-Up
tt1632708_4,Set-Up
tt1142988_5,Set-Up
tt1907668_5,Opening Image
tt0988595_5,Set-Up
tt1285016_5,Set-Up
tt1570728_5,Set-Up
tt0970416_5,Opening Image
tt1045658_5,Set-Up
tt1798709_5,Set-Up
tt1454029_5,Set-Up
tt1193138_5,Set-Up
tt1632708_5,Set-Up
tt1499658_5,Set-Up
tt2267998_5,Set-Up
tt0988595_6,Set-Up
tt1010048_6,Set-Up
tt1142988_6,Set-Up
tt1568346_6,Set-Up
tt1907668_6,Set-Up
tt1632708_6,Set-Up
tt1189340_6,Set-Up
tt1045658_6,Set-Up
tt0822832_6,Set-Up
tt1193138_6,Set-Up
tt2267998_6,Set-Up
tt1454029_7,Set-Up
tt1570728_7,Set-Up
tt1385826_7,Set-Up
tt1189340_7,Set-Up
tt0970416_7,Opening Image
tt2267998_7,Set-Up
tt1193138_7,Set-Up
tt1142988_7,Set-Up
tt0988595_7,Set-Up
tt1632708_7,Set-Up
tt0822832_7,Set-Up
tt1010048_7,Set-Up
tt1568346_7,Set-Up
tt1499658_7,Set-Up
tt1189340_8,Set-Up
tt1798709_8,Set-Up
tt2267998_8,Set-Up
tt0988595_8,Set-Up
tt1632708_8,Set-Up
tt1570728_8,Set-Up
tt1499658_8,Set-Up
tt1285016_8,Set-Up
tt1045658_8,Set-Up
tt1142988_8,Set-Up
tt1568346_8,Set-Up
tt1193138_8,Set-Up
tt1385826_8,Set-Up
tt1454029_9,Set-Up
tt1632708_9,Debate
tt0988595_9,Set-Up
tt1385826_9,Set-Up
tt1142988_9,Set-Up
tt2267998_9,Set-Up
tt0970416_9,Set-Up
tt0822832_9,Set-Up
tt1907668_9,Set-Up
tt1285016_9,Set-Up
tt1499658_9,Set-Up
tt1798709_9,Set-Up
tt1010048_9,Set-Up
tt1570728_9,Set-Up
tt1189340_9,Set-Up
tt1045658_9,Set-Up
tt1285016_10,Set-Up
tt1193138_10,Set-Up
tt1189340_10,Set-Up
tt1142988_10,Set-Up
tt0822832_10,Set-Up
tt0988595_10,Set-Up
tt1385826_10,Set-Up
tt1010048_10,Set-Up
tt1798709_10,Set-Up
tt1570728_10,Set-Up
tt2267998_10,Set-Up
tt1499658_10,Set-Up
tt0970416_10,Set-Up
tt1454029_10,Set-Up
tt1632708_11,Debate
tt1142988_11,Debate
tt0822832_11,Catalyst
tt0970416_11,Set-Up
tt0988595_11,Debate
tt1285016_11,Set-Up
tt1454029_11,Set-Up
tt1010048_11,Set-Up
tt1798709_11,Set-Up
tt1499658_11,Set-Up
tt1570728_11,Debate
tt1385826_11,Set-Up
tt1499658_12,Debate
tt1285016_12,Debate
tt1907668_12,Set-Up
tt2267998_12,Debate
tt1045658_12,Catalyst
tt1570728_12,Debate
tt0822832_12,Set-Up
tt1385826_12,Set-Up
tt1189340_12,Set-Up
tt1454029_12,Set-Up
tt0988595_12,Debate
tt1798709_12,Set-Up
tt1142988_12,Debate
tt1570728_13,Debate
tt1285016_13,Debate
tt0822832_13,Debate
tt0988595_13,Debate
tt0970416_13,Set-Up
tt1385826_13,Debate
tt1189340_13,Set-Up
tt1142988_13,Debate
tt1632708_13,Debate
tt1045658_13,Set-Up
tt1010048_13,Debate
tt1454029_13,Debate
tt2267998_13,Debate
tt1798709_13,Debate
tt1907668_14,Set-Up
tt1568346_14,Set-Up
tt1045658_14,Debate
tt0822832_14,Debate
tt1193138_14,Debate
tt1499658_14,Debate
tt1010048_14,Debate
tt1142988_14,Debate
tt1798709_14,Debate
tt1285016_14,Debate
tt1454029_14,Debate
tt2267998_14,Debate
tt1632708_14,Debate
tt1189340_14,Debate
tt1570728_15,Debate
tt1632708_15,Debate
tt2267998_15,Debate
tt1568346_15,Set-Up
tt1907668_15,Set-Up
tt1798709_15,Debate
tt0988595_15,Debate
tt0970416_15,Set-Up
tt1189340_15,Debate
tt1045658_15,Debate
tt1499658_15,Debate
tt1010048_15,Debate
tt1385826_15,Debate
tt1142988_16,Debate
tt1570728_16,Debate
tt2267998_16,Debate
tt1045658_16,Debate
tt1632708_16,Debate
tt1189340_16,Debate
tt1499658_16,Debate
tt0822832_16,Debate
tt1385826_16,Debate
tt0988595_16,Debate
tt1010048_16,Debate
tt1454029_16,Debate
tt1798709_16,Debate
tt1285016_16,Debate
tt0970416_16,Catalyst
tt1568346_16,Debate
tt1907668_16,Catalyst
tt1632708_17,Debate
tt2267998_17,Debate
tt1385826_17,Debate
tt1570728_17,Debate
tt0822832_17,Debate
tt0988595_17,Debate
tt1798709_17,Debate
tt1499658_17,Debate
tt1010048_17,Debate
tt1454029_17,Debate
tt0988595_18,Debate
tt1142988_18,Debate
tt1499658_18,Debate
tt1045658_18,Debate
tt0970416_18,Set-Up
tt1193138_18,Debate
tt0822832_18,Debate
tt1798709_18,Debate
tt1010048_18,Debate
tt1285016_18,Debate
tt1632708_18,Debate
tt2267998_18,Debate
tt2267998_19,Debate
tt1045658_19,Debate
tt1010048_19,Debate
tt0988595_19,Debate
tt1385826_19,Debate
tt1798709_19,Debate
tt0822832_19,Debate
tt1907668_19,Set-Up
tt1632708_19,Debate
tt1142988_19,Debate
tt1570728_19,Debate
tt1568346_19,Debate
tt1454029_19,Debate
tt1499658_19,Debate
tt0988595_20,Debate
tt1385826_20,Debate
tt1499658_20,Debate
tt1798709_20,Debate
tt1568346_20,Debate
tt1570728_20,Debate
tt1632708_20,Debate
tt0822832_20,Debate
tt2267998_20,Debate
tt0970416_20,Debate
tt1010048_20,Debate
tt1142988_20,Debate
tt1189340_20,Debate
tt1193138_20,Debate
tt1045658_20,Debate
tt1285016_20,Debate
tt1385826_21,Debate
tt1193138_21,Debate
tt1570728_21,Debate
tt1454029_21,Debate
tt1045658_21,Debate
tt1499658_21,Debate
tt1189340_21,Debate
tt0822832_21,Debate
tt0988595_21,Debate
tt1142988_21,Debate
tt2267998_21,Debate
tt1798709_21,Debate
tt1010048_21,Debate
tt1045658_22,Debate
tt1570728_22,Debate
tt1142988_22,Debate
tt0822832_22,Debate
tt1010048_22,Debate
tt1189340_22,Debate
tt1499658_22,Debate
tt1798709_22,Debate
tt2267998_22,Break into Two
tt1632708_22,Break into Two
tt1193138_22,Debate
tt1385826_22,Debate
tt0970416_22,Debate
tt1570728_23,Break into Two
tt1385826_23,Debate
tt1499658_23,Break into Two
tt1907668_23,Debate
tt1045658_23,Debate
tt1142988_23,Break into Two
tt1798709_23,Break into Two
tt1010048_23,Break into Two
tt1454029_23,Debate
tt2267998_23,Break into Two
tt1632708_23,Break into Two
tt0970416_23,Debate
tt0988595_23,Break into Two
tt2267998_24,Break into Two
tt1454029_24,Debate
tt1142988_24,Break into Two
tt1632708_24,Break into Two
tt1045658_24,Debate
tt1385826_24,Debate
tt1010048_24,Break into Two
tt1570728_24,Break into Two
tt1907668_24,Debate
tt1189340_24,Debate
tt1499658_24,Break into Two
tt1568346_24,Debate
tt1193138_24,Debate
tt1798709_24,Break into Two
tt0822832_24,Debate
tt1010048_25,Break into Two
tt1193138_25,Debate
tt1568346_25,Debate
tt1454029_25,Debate
tt0970416_25,Debate
tt1142988_25,Break into Two
tt1798709_25,Break into Two
tt1632708_25,Break into Two
tt1045658_25,Break into Two
tt1570728_25,Break into Two
tt1499658_25,Break into Two
tt2267998_25,Break into Two
tt1385826_25,Break into Two
tt1045658_26,Break into Two
tt1632708_26,B Story
tt1385826_26,Break into Two
tt0822832_26,Break into Two
tt1285016_26,Debate
tt1010048_26,Break into Two
tt1189340_26,Debate
tt0988595_26,Break into Two
tt1499658_26,Break into Two
tt1570728_26,Break into Two
tt2267998_26,B Story
tt1454029_26,Debate
tt0822832_27,Break into Two
tt1499658_27,B Story
tt1193138_27,Debate
tt1045658_27,Break into Two
tt1798709_27,B Story
tt1385826_27,Break into Two
tt1568346_27,Debate
tt1142988_27,Break into Two
tt1010048_27,B Story
tt1907668_27,Debate
tt1189340_27,Debate
tt0988595_27,Break into Two
tt1570728_27,B Story
tt1454029_27,Break into Two
tt0970416_27,Debate
tt1454029_28,Break into Two
tt1499658_28,B Story
tt1285016_28,Debate
tt1193138_28,Debate
tt1010048_28,B Story
tt1142988_28,B Story
tt1385826_28,Break into Two
tt1189340_28,Debate
tt1045658_28,Break into Two
tt1632708_28,B Story
tt2267998_28,B Story
tt1499658_29,B Story
tt1045658_29,B Story
tt1632708_29,B Story
tt1010048_29,B Story
tt1193138_29,Debate
tt1570728_29,B Story
tt1568346_29,Debate
tt2267998_29,B Story
tt1798709_29,B Story
tt1189340_29,Break into Two
tt0822832_29,Break into Two
tt1285016_29,Debate
tt1142988_29,B Story
tt1454029_29,Break into Two
tt1385826_29,B Story
tt0988595_29,Break into Two
tt0988595_30,B Story
tt1010048_30,B Story
tt1632708_30,B Story
tt1045658_30,B Story
tt1189340_30,Break into Two
tt1499658_30,B Story
tt2267998_30,B Story
tt1385826_30,B Story
tt1142988_30,B Story
tt1798709_30,B Story
tt1568346_30,Debate
tt1570728_30,B Story
tt0822832_30,B Story
tt1907668_30,Debate
tt1193138_30,Break into Two
tt1189340_31,Break into Two
tt1385826_31,B Story
tt1632708_31,B Story
tt1798709_31,B Story
tt1045658_31,B Story
tt1193138_31,Break into Two
tt2267998_31,B Story
tt1454029_31,Break into Two
tt1499658_31,B Story
tt0970416_31,Debate
tt0988595_31,B Story
tt1142988_31,B Story
tt1570728_31,B Story
tt1010048_31,B Story
tt1285016_31,Debate
tt1010048_32,B Story
tt1189340_32,Break into Two
tt1499658_32,B Story
tt0988595_32,B Story
tt0822832_32,B Story
tt1568346_32,Debate
tt1798709_32,B Story
tt2267998_32,B Story
tt1570728_32,B Story
tt1193138_32,Break into Two
tt1142988_32,B Story
tt1045658_32,B Story
tt1454029_32,B Story
tt1045658_33,B Story
tt1907668_33,Debate
tt1568346_33,Debate
tt1142988_33,B Story
tt0822832_33,B Story
tt0988595_33,B Story
tt0970416_33,Debate
tt1010048_33,B Story
tt1499658_33,B Story
tt1385826_33,B Story
tt1798709_33,B Story
tt1193138_33,Break into Two
tt1632708_33,B Story
tt1570728_33,B Story
tt1285016_34,Break into Two
tt1385826_34,B Story
tt2267998_34,B Story
tt1568346_34,Break into Two
tt1045658_34,B Story
tt1193138_34,B Story
tt1632708_34,B Story
tt0822832_34,B Story
tt0988595_34,B Story
tt1454029_34,B Story
tt1142988_34,B Story
tt1499658_34,B Story
tt1798709_34,B Story
tt1010048_34,B Story
tt1570728_34,B Story
tt1142988_35,B Story
tt1499658_35,B Story
tt1045658_35,B Story
tt1798709_35,B Story
tt0988595_35,B Story
tt1907668_35,Debate
tt1568346_35,Break into Two
tt1285016_35,Break into Two
tt0822832_35,B Story
tt1632708_35,B Story
tt1570728_35,B Story
tt1010048_35,B Story
tt2267998_35,B Story
tt1045658_36,B Story
tt1568346_36,Break into Two
tt1385826_36,B Story
tt1142988_36,B Story
tt1189340_36,B Story
tt1285016_36,Break into Two
tt1010048_36,B Story
tt1570728_36,B Story
tt0822832_36,B Story
tt2267998_36,B Story
tt1632708_36,B Story
tt1454029_36,B Story
tt1798709_36,B Story
tt1499658_36,B Story
tt1499658_37,B Story
tt1385826_37,B Story
tt2267998_37,B Story
tt1285016_37,Break into Two
tt0822832_37,B Story
tt1193138_37,B Story
tt1045658_37,B Story
tt1570728_37,B Story
tt0970416_37,Debate
tt1010048_37,B Story
tt1798709_37,B Story
tt1142988_37,B Story
tt1632708_37,B Story
tt1907668_37,Debate
tt0988595_37,B Story
tt1454029_37,B Story
tt1010048_38,B Story
tt1045658_38,B Story
tt2267998_38,B Story
tt1385826_38,B Story
tt1285016_38,B Story
tt1142988_38,B Story
tt1632708_38,B Story
tt1454029_38,B Story
tt1499658_38,B Story
tt1570728_38,B Story
tt0988595_38,B Story
tt1907668_38,Debate
tt1798709_38,B Story
tt1568346_38,Break into Two
tt0822832_38,B Story
tt1907668_39,Debate
tt1142988_39,B Story
tt1570728_39,B Story
tt0970416_39,Debate
tt1045658_39,B Story
tt0988595_39,B Story
tt1632708_39,B Story
tt1798709_39,B Story
tt1499658_39,B Story
tt1385826_39,B Story
tt1010048_39,B Story
tt2267998_39,B Story
tt0822832_39,B Story
tt1193138_40,B Story
tt1385826_40,B Story
tt1285016_40,B Story
tt1570728_40,B Story
tt1142988_40,B Story
tt1045658_40,B Story
tt0822832_40,B Story
tt1499658_40,B Story
tt0988595_40,B Story
tt1632708_40,B Story
tt1010048_40,B Story
tt1798709_40,B Story
tt1454029_40,B Story
tt2267998_40,B Story
tt0988595_41,B Story
tt1907668_41,Debate
tt1142988_41,B Story
tt1285016_41,B Story
tt1499658_41,B Story
tt1568346_41,B Story
tt1454029_41,B Story
tt0970416_41,Debate
tt1189340_41,B Story
tt1045658_41,B Story
tt0822832_41,B Story
tt1632708_41,B Story
tt1010048_41,B Story
tt1385826_41,B Story
tt1798709_41,B Story
tt1570728_41,B Story
tt1193138_42,B Story
tt1385826_42,B Story
tt2267998_42,B Story
tt1285016_42,B Story
tt1499658_42,B Story
tt0988595_42,B Story
tt1907668_42,Break into Two
tt1142988_42,B Story
tt1570728_42,B Story
tt1189340_42,B Story
tt1632708_42,B Story
tt0822832_42,B Story
tt1010048_42,B Story
tt1798709_42,B Story
tt1045658_42,B Story
tt1499658_43,B Story
tt2267998_43,B Story
tt1385826_43,B Story
tt1010048_43,B Story
tt1189340_43,B Story
tt1568346_43,B Story
tt0822832_43,B Story
tt1454029_43,B Story
tt1285016_43,B Story
tt1045658_43,B Story
tt0970416_43,Break into Two
tt1193138_43,B Story
tt1632708_43,B Story
tt1570728_43,B Story
tt1142988_43,B Story
tt1907668_43,Break into Two
tt0822832_44,B Story
tt1385826_44,B Story
tt1285016_44,B Story
tt1142988_44,B Story
tt1045658_44,B Story
tt1798709_44,B Story
tt1193138_44,B Story
tt1570728_44,B Story
tt1499658_44,B Story
tt1632708_44,B Story
tt1907668_44,Break into Two
tt2267998_44,B Story
tt0988595_45,B Story
tt1385826_45,B Story
tt1568346_45,B Story
tt1193138_45,B Story
tt1189340_45,B Story
tt0970416_45,Break into Two
tt1010048_45,B Story
tt1142988_45,B Story
tt1045658_45,B Story
tt2267998_45,B Story
tt1499658_45,B Story
tt1632708_45,B Story
tt0822832_45,B Story
tt1285016_45,B Story
tt1454029_45,B Story
tt1907668_45,Break into Two
tt1570728_46,B Story
tt0988595_46,B Story
tt1045658_46,B Story
tt1142988_46,B Story
tt1499658_46,Bad Guys Close In
tt1010048_46,B Story
tt1193138_46,B Story
tt1189340_46,B Story
tt1285016_46,B Story
tt2267998_46,B Story
tt0822832_46,B Story
tt1798709_46,B Story
tt1632708_46,B Story
tt1285016_47,B Story
tt1010048_47,Bad Guys Close In
tt1907668_47,B Story
tt0988595_47,B Story
tt1570728_47,B Story
tt1632708_47,Bad Guys Close In
tt1045658_47,B Story
tt1798709_47,B Story
tt1189340_47,B Story
tt0822832_47,B Story
tt1454029_47,B Story
tt2267998_47,B Story
tt0970416_47,Break into Two
tt1193138_47,B Story
tt1385826_47,B Story
tt1010048_48,Bad Guys Close In
tt1798709_48,B Story
tt1142988_48,Bad Guys Close In
tt1193138_48,B Story
tt0988595_48,B Story
tt1285016_48,B Story
tt1632708_48,Bad Guys Close In
tt1570728_48,Bad Guys Close In
tt1045658_48,Bad Guys Close In
tt0822832_48,B Story
tt2267998_48,Bad Guys Close In
tt1499658_48,Bad Guys Close In
tt1189340_48,B Story
tt1142988_49,Bad Guys Close In
tt0988595_49,B Story
tt1285016_49,B Story
tt1798709_49,B Story
tt1189340_49,B Story
tt1193138_49,B Story
tt1385826_49,B Story
tt1570728_49,Bad Guys Close In
tt1499658_49,Bad Guys Close In
tt1632708_49,Bad Guys Close In
tt1010048_49,Bad Guys Close In
tt1454029_49,B Story
tt1045658_49,Bad Guys Close In
tt1193138_50,B Story
tt1499658_50,Bad Guys Close In
tt1142988_50,Bad Guys Close In
tt1189340_50,B Story
tt1568346_50,B Story
tt1385826_50,B Story
tt1010048_50,Bad Guys Close In
tt1632708_50,Bad Guys Close In
tt0822832_50,B Story
tt2267998_50,Bad Guys Close In
tt1907668_50,B Story
tt1570728_50,Bad Guys Close In
tt1798709_50,Bad Guys Close In
tt1045658_50,Bad Guys Close In
tt1285016_50,B Story
tt0970416_50,B Story
tt1385826_51,B Story
tt1189340_51,B Story
tt1907668_51,B Story
tt1798709_51,Bad Guys Close In
tt1285016_51,B Story
tt1142988_51,Bad Guys Close In
tt1454029_51,B Story
tt1499658_51,Bad Guys Close In
tt1570728_51,Bad Guys Close In
tt2267998_51,Bad Guys Close In
tt0988595_51,B Story
tt1193138_51,B Story
tt1010048_51,Bad Guys Close In
tt1385826_52,Bad Guys Close In
tt0822832_52,B Story
tt0970416_52,B Story
tt1010048_52,Bad Guys Close In
tt1568346_52,B Story
tt1570728_52,Bad Guys Close In
tt0988595_52,B Story
tt1285016_52,B Story
tt1798709_52,Bad Guys Close In
tt1454029_52,B Story
tt1045658_52,Bad Guys Close In
tt1193138_52,B Story
tt1142988_52,Bad Guys Close In
tt2267998_52,Bad Guys Close In
tt1907668_52,B Story
tt1499658_52,Bad Guys Close In
tt1632708_52,Bad Guys Close In
tt1385826_53,Bad Guys Close In
tt1045658_53,Bad Guys Close In
tt1189340_53,B Story
tt1193138_53,B Story
tt1454029_53,B Story
tt0988595_53,Bad Guys Close In
tt0970416_53,B Story
tt1907668_53,B Story
tt1285016_53,B Story
tt1570728_53,Bad Guys Close In
tt1499658_53,Bad Guys Close In
tt1798709_53,Bad Guys Close In
tt1142988_53,Bad Guys Close In
tt1632708_53,Bad Guys Close In
tt2267998_53,Bad Guys Close In
tt0822832_54,Bad Guys Close In
tt2267998_54,Bad Guys Close In
tt1632708_54,Bad Guys Close In
tt1285016_54,B Story
tt0988595_54,Bad Guys Close In
tt1570728_54,Bad Guys Close In
tt1798709_54,Bad Guys Close In
tt1568346_54,B Story
tt1189340_54,B Story
tt1907668_54,B Story
tt1142988_54,Bad Guys Close In
tt1193138_54,B Story
tt1045658_54,Bad Guys Close In
tt1010048_54,Bad Guys Close In
tt1385826_54,Bad Guys Close In
tt0988595_55,Bad Guys Close In
tt2267998_55,Bad Guys Close In
tt1570728_55,Bad Guys Close In
tt1193138_55,B Story
tt1045658_55,Bad Guys Close In
tt1454029_55,B Story
tt1142988_55,Bad Guys Close In
tt1499658_55,Bad Guys Close In
tt1568346_55,B Story
tt1285016_55,B Story
tt0970416_55,B Story
tt1798709_55,Bad Guys Close In
tt1632708_55,Bad Guys Close In
tt1385826_55,Bad Guys Close In
tt0822832_56,Bad Guys Close In
tt1454029_56,B Story
tt1142988_56,Bad Guys Close In
tt1570728_56,Bad Guys Close In
tt1568346_56,B Story
tt1798709_56,Bad Guys Close In
tt0988595_56,Bad Guys Close In
tt1632708_56,Bad Guys Close In
tt1010048_56,Bad Guys Close In
tt1285016_56,B Story
tt1045658_56,Bad Guys Close In
tt2267998_56,Bad Guys Close In
tt1189340_56,B Story
tt1632708_57,All Is Lost
tt1045658_57,Bad Guys Close In
tt1454029_57,B Story
tt0822832_57,Bad Guys Close In
tt1385826_57,Bad Guys Close In
tt1193138_57,B Story
tt0988595_57,Bad Guys Close In
tt1798709_57,Bad Guys Close In
tt1499658_57,Bad Guys Close In
tt1570728_57,All Is Lost
tt1285016_57,B Story
tt1010048_57,Bad Guys Close In
tt1907668_58,B Story
tt1189340_58,B Story
tt1454029_58,B Story
tt1385826_58,Bad Guys Close In
tt1632708_58,All Is Lost
tt0988595_58,Bad Guys Close In
tt1285016_58,Bad Guys Close In
tt1142988_58,All Is Lost
tt1499658_58,All Is Lost
tt1570728_58,All Is Lost
tt1045658_58,All Is Lost
tt2267998_58,Bad Guys Close In
tt1798709_58,Bad Guys Close In
tt1010048_59,All Is Lost
tt1193138_59,B Story
tt0822832_59,Bad Guys Close In
tt1385826_59,Bad Guys Close In
tt1142988_59,All Is Lost
tt1045658_59,All Is Lost
tt2267998_59,All Is Lost
tt1285016_59,Bad Guys Close In
tt0988595_59,Bad Guys Close In
tt1499658_59,All Is Lost
tt1570728_59,Dark Night of the Soul
tt1632708_59,Dark Night of the Soul
tt1798709_59,All Is Lost
tt0970416_59,B Story
tt1907668_60,B Story
tt1045658_60,Dark Night of the Soul
tt1499658_60,Dark Night of the Soul
tt1454029_60,B Story
tt1193138_60,Bad Guys Close In
tt1385826_60,Bad Guys Close In
tt1632708_60,Dark Night of the Soul
tt1142988_60,Dark Night of the Soul
tt1798709_60,All Is Lost
tt1285016_60,Bad Guys Close In
tt0988595_60,Bad Guys Close In
tt1570728_60,Dark Night of the Soul
tt1010048_60,All Is Lost
tt0822832_61,Bad Guys Close In
tt1010048_61,Dark Night of the Soul
tt2267998_61,All Is Lost
tt1570728_61,Dark Night of the Soul
tt1632708_61,Dark Night of the Soul
tt1454029_61,Bad Guys Close In
tt1142988_61,Dark Night of the Soul
tt1499658_61,Dark Night of the Soul
tt1045658_61,Dark Night of the Soul
tt0970416_61,B Story
tt1193138_61,Bad Guys Close In
tt1385826_61,Bad Guys Close In
tt1189340_61,B Story
tt1568346_61,B Story
tt1798709_61,Dark Night of the Soul
tt0988595_61,Bad Guys Close In
tt1285016_61,Bad Guys Close In
tt1570728_62,Break into Three
tt0988595_62,All Is Lost
tt1499658_62,Dark Night of the Soul
tt0822832_62,Bad Guys Close In
tt1385826_62,All Is Lost
tt1454029_62,Bad Guys Close In
tt1285016_62,Bad Guys Close In
tt1907668_62,B Story
tt1193138_62,Bad Guys Close In
tt1045658_62,Dark Night of the Soul
tt2267998_62,Dark Night of the Soul
tt1010048_62,Dark Night of the Soul
tt1570728_63,Break into Three
tt1142988_63,Break into Three
tt1798709_63,Dark Night of the Soul
tt1454029_63,Bad Guys Close In
tt1285016_63,Bad Guys Close In
tt0970416_63,B Story
tt1499658_63,Break into Three
tt1010048_63,Break into Three
tt1193138_63,Bad Guys Close In
tt2267998_63,Dark Night of the Soul
tt1045658_63,Break into Three
tt1632708_63,Break into Three
tt1385826_63,All Is Lost
tt1568346_63,B Story
tt1189340_63,B Story
tt1193138_64,Bad Guys Close In
tt1499658_64,Break into Three
tt1385826_64,Dark Night of the Soul
tt1798709_64,Dark Night of the Soul
tt1010048_64,Break into Three
tt0988595_64,All Is Lost
tt1570728_64,Dark Night of the Soul
tt2267998_64,Dark Night of the Soul
tt1045658_64,Break into Three
tt1454029_64,Bad Guys Close In
tt1285016_64,Bad Guys Close In
tt1189340_64,B Story
tt0822832_64,Bad Guys Close In
tt0970416_65,B Story
tt1285016_65,Bad Guys Close In
tt0822832_65,Bad Guys Close In
tt1142988_65,Break into Three
tt1570728_65,Dark Night of the Soul
tt2267998_65,Break into Three
tt0988595_65,Dark Night of the Soul
tt1798709_65,Break into Three
tt1632708_65,Break into Three
tt1045658_65,Dark Night of the Soul
tt1568346_65,B Story
tt1285016_66,Bad Guys Close In
tt1142988_66,Break into Three
tt1798709_66,Break into Three
tt1193138_66,Bad Guys Close In
tt1189340_66,B Story
tt1632708_66,Dark Night of the Soul
tt1385826_66,Dark Night of the Soul
tt2267998_66,Break into Three
tt1010048_66,Break into Three
tt1045658_66,Dark Night of the Soul
tt1499658_66,Dark Night of the Soul
tt1570728_66,Dark Night of the Soul
tt1454029_66,Bad Guys Close In
tt2267998_67,Dark Night of the Soul
tt1045658_67,Dark Night of the Soul
tt1189340_67,Bad Guys Close In
tt1632708_67,Dark Night of the Soul
tt1193138_67,Bad Guys Close In
tt0988595_67,Dark Night of the Soul
tt1142988_67,Dark Night of the Soul
tt1285016_67,All Is Lost
tt1568346_67,B Story
tt1454029_67,Bad Guys Close In
tt1798709_67,Dark Night of the Soul
tt1385826_67,Break into Three
tt0822832_67,Bad Guys Close In
tt1010048_67,Dark Night of the Soul
tt0970416_67,B Story
tt0988595_68,Dark Night of the Soul
tt1142988_68,Dark Night of the Soul
tt1189340_68,Bad Guys Close In
tt1499658_68,Dark Night of the Soul
tt0970416_68,Set-Up
tt1045658_68,Dark Night of the Soul
tt1010048_68,Dark Night of the Soul
tt1570728_68,Dark Night of the Soul
tt1632708_69,Dark Night of the Soul
tt1499658_69,Dark Night of the Soul
tt2267998_69,Dark Night of the Soul
tt1798709_69,Dark Night of the Soul
tt1193138_69,Bad Guys Close In
tt0822832_69,All Is Lost
tt1142988_69,Dark Night of the Soul
tt0988595_69,Break into Three
tt1285016_69,All Is Lost
tt1189340_69,Bad Guys Close In
tt1568346_69,B Story
tt1045658_69,Dark Night of the Soul
tt1454029_69,Bad Guys Close In
tt1010048_69,Dark Night of the Soul
tt1570728_69,Dark Night of the Soul
tt1189340_70,Bad Guys Close In
tt1045658_70,Dark Night of the Soul
tt1798709_70,Dark Night of the Soul
tt2267998_70,Dark Night of the Soul
tt0988595_70,Break into Three
tt1907668_70,B Story
tt1193138_70,Bad Guys Close In
tt1010048_70,Dark Night of the Soul
tt0822832_70,All Is Lost
tt1454029_70,Bad Guys Close In
tt1568346_70,B Story
tt1142988_70,Dark Night of the Soul
tt1570728_70,Dark Night of the Soul
tt1285016_70,Dark Night of the Soul
tt0970416_70,Catalyst
tt1570728_71,Dark Night of the Soul
tt1010048_71,Dark Night of the Soul
tt2267998_71,Dark Night of the Soul
tt1045658_71,Dark Night of the Soul
tt1568346_71,B Story
tt1454029_71,Bad Guys Close In
tt1907668_71,B Story
tt1385826_71,Break into Three
tt1632708_71,Dark Night of the Soul
tt1142988_71,Dark Night of the Soul
tt1193138_71,All Is Lost
tt1499658_71,Dark Night of the Soul
tt1798709_71,Dark Night of the Soul
tt0988595_71,Dark Night of the Soul
tt1285016_72,Dark Night of the Soul
tt2267998_72,Dark Night of the Soul
tt1798709_72,Dark Night of the Soul
tt0822832_72,Dark Night of the Soul
tt1193138_72,All Is Lost
tt0970416_72,Catalyst
tt1045658_72,Finale
tt1499658_72,Dark Night of the Soul
tt1568346_72,B Story
tt1454029_72,All Is Lost
tt1010048_72,Dark Night of the Soul
tt1142988_72,Dark Night of the Soul
tt1189340_72,Bad Guys Close In
tt1385826_72,Break into Three
tt1189340_73,Bad Guys Close In
tt1568346_73,B Story
tt1010048_73,Midpoint
tt2267998_73,Dark Night of the Soul
tt1570728_73,Finale
tt1499658_73,Dark Night of the Soul
tt1045658_73,Finale
tt1798709_73,Dark Night of the Soul
tt1142988_73,Dark Night of the Soul
tt1385826_73,Dark Night of the Soul
tt0822832_73,Dark Night of the Soul
tt1632708_73,Dark Night of the Soul
tt1193138_73,Dark Night of the Soul
tt1142988_74,Finale
tt0970416_74,Catalyst
tt1798709_74,Dark Night of the Soul
tt1385826_74,Dark Night of the Soul
tt1632708_74,Dark Night of the Soul
tt1454029_74,All Is Lost
tt2267998_74,Dark Night of the Soul
tt1010048_74,Finale
tt1907668_74,B Story
tt1193138_74,Dark Night of the Soul
tt1568346_74,B Story
tt1499658_74,Dark Night of the Soul
tt1045658_74,Finale
tt1285016_74,Dark Night of the Soul
tt0822832_74,Dark Night of the Soul
tt0988595_74,Dark Night of the Soul
tt1499658_75,Finale
tt1045658_75,Finale
tt1570728_75,Finale
tt1798709_75,Midpoint
tt0822832_75,Break into Three
tt1632708_75,Dark Night of the Soul
tt1189340_75,Bad Guys Close In
tt1454029_75,Dark Night of the Soul
tt2267998_75,Finale
tt0988595_75,Dark Night of the Soul
tt1285016_75,Break into Three
tt1385826_75,Dark Night of the Soul
tt1568346_75,B Story
tt1010048_75,Finale
tt1142988_75,Finale
tt1285016_76,Break into Three
tt1568346_76,Bad Guys Close In
tt0988595_76,Dark Night of the Soul
tt1189340_76,Bad Guys Close In
tt1193138_76,Dark Night of the Soul
tt1798709_76,Finale
tt1499658_76,Finale
tt0970416_76,Catalyst
tt1454029_76,Dark Night of the Soul
tt1010048_76,Finale
tt1142988_76,Finale
tt1385826_76,Dark Night of the Soul
tt1045658_76,Finale
tt2267998_76,Finale
tt1907668_76,B Story
tt1454029_77,Dark Night of the Soul
tt1499658_77,Finale
tt1010048_77,Finale
tt1798709_77,Finale
tt1142988_77,Finale
tt1045658_77,Finale
tt1385826_77,Dark Night of the Soul
tt0822832_77,Break into Three
tt1632708_77,Midpoint
tt1570728_77,Finale
tt1193138_77,Break into Three
tt1189340_77,Bad Guys Close In
tt0988595_77,Dark Night of the Soul
tt1907668_77,B Story
tt1010048_78,Finale
tt1570728_78,Finale
tt1798709_78,Finale
tt1632708_78,Finale
tt0988595_78,Dark Night of the Soul
tt1142988_78,Finale
tt1285016_78,Dark Night of the Soul
tt1907668_78,B Story
tt1385826_78,Dark Night of the Soul
tt1568346_78,Bad Guys Close In
tt2267998_78,Finale
tt0822832_78,Dark Night of the Soul
tt1454029_78,Break into Three
tt1045658_78,Finale
tt1499658_78,Finale
tt0988595_79,Dark Night of the Soul
tt1189340_79,All Is Lost
tt1499658_79,Finale
tt1454029_79,Break into Three
tt1632708_79,Finale
tt1385826_79,Dark Night of the Soul
tt0822832_79,Dark Night of the Soul
tt1010048_79,Finale
tt1798709_79,Finale
tt1142988_79,Finale
tt1045658_79,Finale
tt2267998_79,Finale
tt0970416_79,Catalyst
tt1570728_79,Finale
tt1193138_79,Break into Three
tt1285016_80,Dark Night of the Soul
tt1499658_80,Finale
tt1193138_80,Dark Night of the Soul
tt1385826_80,Finale
tt1189340_80,All Is Lost
tt0988595_80,Finale
tt1142988_80,Finale
tt1045658_80,Finale
tt0822832_80,Dark Night of the Soul
tt1907668_80,B Story
tt1010048_80,Finale
tt1454029_80,Dark Night of the Soul
tt1632708_80,Finale
tt2267998_80,Finale
tt1570728_80,Finale
tt1285016_81,Dark Night of the Soul
tt1570728_81,Finale
tt1798709_81,Finale
tt1010048_81,Finale
tt1189340_81,Dark Night of the Soul
tt1385826_81,Finale
tt1632708_81,Finale
tt1907668_81,B Story
tt1193138_81,Dark Night of the Soul
tt0970416_81,Catalyst
tt0822832_81,Dark Night of the Soul
tt0988595_81,Finale
tt1045658_81,Finale
tt1142988_81,Finale
tt2267998_82,Finale
tt0822832_82,Dark Night of the Soul
tt1010048_82,Finale
tt1907668_82,B Story
tt1570728_82,Finale
tt1568346_82,Bad Guys Close In
tt0988595_82,Finale
tt1045658_82,Finale
tt1142988_82,Finale
tt1454029_82,Dark Night of the Soul
tt1632708_82,Finale
tt1499658_82,Finale
tt1285016_82,Dark Night of the Soul
tt1385826_82,Finale
tt1285016_83,Dark Night of the Soul
tt0988595_83,Finale
tt1142988_83,Finale
tt1568346_83,Bad Guys Close In
tt1632708_83,Finale
tt1189340_83,Dark Night of the Soul
tt1798709_83,Finale
tt1570728_83,Finale
tt1193138_83,Dark Night of the Soul
tt0970416_83,Debate
tt2267998_83,Finale
tt1010048_83,Finale
tt1045658_83,Final Image
tt1454029_83,Dark Night of the Soul
tt1385826_84,Finale
tt0822832_84,Dark Night of the Soul
tt1193138_84,Dark Night of the Soul
tt1142988_84,Finale
tt0988595_84,Finale
tt1632708_84,Finale
tt2267998_84,Finale
tt1454029_84,Dark Night of the Soul
tt1568346_84,Bad Guys Close In
tt1189340_84,Dark Night of the Soul
tt1798709_84,Finale
tt1570728_84,Finale
tt1499658_84,Finale
tt1010048_84,Finale
tt1907668_84,B Story
tt1285016_84,Dark Night of the Soul
tt1045658_84,Final Image
tt1798709_85,Finale
tt1454029_85,Dark Night of the Soul
tt2267998_85,Finale
tt1907668_85,Bad Guys Close In
tt1568346_85,Bad Guys Close In
tt1385826_85,Finale
tt1570728_85,Finale
tt1142988_85,Final Image
tt1010048_85,Final Image
tt1045658_85,Final Image
tt1632708_85,Finale
tt0970416_85,Debate
tt0988595_85,Finale
tt1193138_85,Dark Night of the Soul
tt0822832_85,Midpoint
tt1632708_86,Finale
tt1010048_86,Final Image
tt1454029_86,Dark Night of the Soul
tt1499658_86,Finale
tt2267998_86,Finale
tt0970416_86,Debate
tt0988595_86,Finale
tt1045658_86,Final Image
tt1385826_86,Finale
tt1142988_86,Final Image
tt1285016_86,Dark Night of the Soul
tt1193138_86,Dark Night of the Soul
tt1798709_87,Finale
tt1632708_87,Finale
tt1045658_87,Final Image
tt0822832_87,Midpoint
tt1285016_87,Finale
tt2267998_87,Finale
tt1189340_87,Break into Three
tt1010048_87,Final Image
tt1907668_87,Bad Guys Close In
tt1568346_87,Bad Guys Close In
tt1570728_87,Final Image
tt1142988_87,Final Image
tt1454029_87,Dark Night of the Soul
tt1385826_87,Finale
tt0988595_87,Finale
tt0988595_88,Finale
tt1798709_88,Finale
tt1189340_88,Break into Three
tt1568346_88,Bad Guys Close In
tt0970416_88,Debate
tt1045658_88,Final Image
tt1285016_88,Finale
tt1499658_88,Finale
tt1454029_88,Finale
tt2267998_88,Final Image
tt1193138_88,Dark Night of the Soul
tt1010048_88,Final Image
tt1142988_88,Final Image
tt1385826_88,Finale
tt1570728_88,Final Image
tt1189340_89,Dark Night of the Soul
tt1285016_89,Finale
tt1798709_89,Final Image
tt0988595_89,Finale
tt1385826_89,Finale
tt1632708_89,Final Image
tt1045658_89,Final Image
tt1570728_89,Final Image
tt0822832_89,Finale
tt2267998_89,Final Image
tt1010048_89,Final Image
tt1454029_89,Finale
tt1907668_89,Bad Guys Close In
tt1568346_89,Bad Guys Close In
tt1142988_89,Final Image
tt2267998_90,Final Image
tt1385826_90,Finale
tt1454029_90,Finale
tt1193138_90,Finale
tt0988595_90,Finale
tt1142988_90,Final Image
tt1010048_90,Final Image
tt1568346_90,All Is Lost
tt1045658_90,Final Image
tt1285016_90,Finale
tt0822832_90,Finale
tt0970416_90,Debate
tt1798709_90,Final Image
tt1632708_90,Final Image
tt1499658_90,Finale
tt0822832_91,Finale
tt1632708_91,Final Image
tt2267998_91,Final Image
tt1907668_91,Bad Guys Close In
tt1189340_91,Dark Night of the Soul
tt1499658_91,Final Image
tt1454029_91,Finale
tt1285016_91,Finale
tt1798709_91,Final Image
tt1142988_91,Final Image
tt1570728_91,Final Image
tt1010048_91,Final Image
tt1045658_91,Final Image
tt1010048_92,Final Image
tt2267998_92,Final Image
tt1385826_92,Finale
tt1142988_92,Final Image
tt1570728_92,Final Image
tt0988595_92,Final Image
tt1193138_92,Finale
tt1907668_92,Bad Guys Close In
tt1632708_92,Final Image
tt1045658_92,Final Image
tt1798709_92,Final Image
tt1010048_93,B Story
tt1568346_93,All Is Lost
tt0822832_93,Finale
tt2267998_93,Final Image
tt1189340_93,Dark Night of the Soul
tt1632708_93,Final Image
tt1570728_93,Final Image
tt1045658_93,Set-Up
tt0988595_93,Final Image
tt1285016_93,Finale
tt1499658_93,Final Image
tt0970416_94,Debate
tt1907668_94,Bad Guys Close In
tt1385826_94,Final Image
tt1454029_94,Finale
tt0822832_94,Finale
tt1193138_94,Finale
tt1632708_94,Final Image
tt1189340_94,Dark Night of the Soul
tt1798709_94,Final Image
tt1285016_94,Finale
tt1499658_94,Final Image
tt1142988_94,Final Image
tt1045658_94,Set-Up
tt0988595_94,Final Image
tt1570728_94,Final Image
tt1570728_95,B Story
tt1045658_95,Set-Up
tt2267998_95,Final Image
tt1385826_95,Final Image
tt1499658_95,Final Image
tt1010048_95,Final Image
tt1142988_95,Final Image
tt0822832_95,Finale
tt1568346_95,Dark Night of the Soul
tt1798709_95,Final Image
tt1285016_95,Finale
tt1189340_95,Dark Night of the Soul
tt0988595_95,Final Image
tt1193138_96,Finale
tt1568346_96,Dark Night of the Soul
tt1142988_96,Set-Up
tt2267998_96,Final Image
tt1632708_96,Final Image
tt1798709_96,Final Image
tt1454029_96,Finale
tt1045658_96,Set-Up
tt1285016_96,Finale
tt0970416_96,Debate
tt1385826_96,Final Image
tt1189340_96,Dark Night of the Soul
tt0822832_96,Finale
tt0988595_96,Final Image
tt1570728_96,B Story
tt0822832_97,Finale
tt1385826_97,Final Image
tt2267998_97,Final Image
tt1570728_97,B Story
tt1632708_97,Final Image
tt1189340_97,Dark Night of the Soul
tt1499658_97,Final Image
tt1454029_97,Finale
tt1045658_97,Set-Up
tt0988595_97,Final Image
tt1568346_97,Dark Night of the Soul
tt1193138_97,Finale
tt1285016_97,Finale
tt1907668_97,Bad Guys Close In
tt0988595_98,Final Image
tt1045658_98,Set-Up
tt1570728_98,Set-Up
tt1454029_98,Finale
tt1499658_98,Final Image
tt1385826_98,Final Image
tt1285016_98,Finale
tt1632708_98,Final Image
tt1568346_98,Break into Three
tt0970416_98,Debate
tt1907668_98,Bad Guys Close In
tt1798709_98,Final Image
tt1189340_98,Finale
tt1142988_98,Set-Up
tt1570728_99,Set-Up
tt1632708_99,Final Image
tt1193138_99,Finale
tt0970416_99,Debate
tt1189340_99,Finale
tt1142988_99,Set-Up
tt2267998_99,Final Image
tt1285016_99,Final Image
tt1499658_99,Final Image
tt1454029_99,Finale
tt1385826_99,Final Image
tt1010048_99,Set-Up
tt0822832_99,Finale
tt0988595_100,Final Image
tt1193138_100,Finale
tt1907668_100,Bad Guys Close In
tt1010048_100,Set-Up
tt1499658_100,Final Image
tt1045658_100,Set-Up
tt1285016_100,Final Image
tt1142988_100,Set-Up
tt1189340_100,Finale
tt1570728_100,Set-Up
tt1632708_100,Set-Up
tt2267998_100,Set-Up
tt1454029_100,Finale
tt0970416_100,Debate
tt1285016_101,Final Image
tt1385826_101,Final Image
tt1499658_101,Final Image
tt2267998_101,Set-Up
tt0822832_101,Finale
tt1798709_101,Fun and Games
tt1010048_101,Set-Up
tt1632708_101,Set-Up
tt1142988_101,Set-Up
tt1193138_101,Finale
tt1570728_101,Set-Up
tt1454029_101,Finale
tt1568346_101,Break into Three
tt0970416_102,Debate
tt1045658_102,Set-Up
tt0988595_102,Final Image
tt1189340_102,Finale
tt1285016_102,Final Image
tt1193138_102,Finale
tt1798709_102,Fun and Games
tt2267998_102,Set-Up
tt1385826_102,Final Image
tt1499658_102,Final Image
tt1632708_102,Set-Up
tt1285016_103,Final Image
tt1193138_103,Finale
tt1798709_103,Set-Up
tt0988595_103,Final Image
tt1045658_103,Set-Up
tt1570728_103,Set-Up
tt0822832_103,Final Image
tt1189340_103,Finale
tt1632708_103,Set-Up
tt2267998_103,Set-Up
tt1499658_103,Set-Up
tt1907668_103,All Is Lost
tt1142988_103,Set-Up
tt1454029_103,Final Image
tt1010048_103,Set-Up
tt1385826_103,Final Image
tt1285016_104,Final Image
tt2267998_104,Set-Up
tt1499658_104,Set-Up
tt1193138_104,Finale
tt1798709_104,Set-Up
tt0988595_104,Theme Stated
tt0970416_104,Debate
tt1045658_104,Set-Up
tt1142988_104,Set-Up
tt1907668_104,All Is Lost
tt1454029_104,Final Image
tt1570728_104,Set-Up
tt1010048_104,Set-Up
tt1142988_105,Set-Up
tt1285016_105,Final Image
tt1193138_105,Final Image
tt1385826_105,Final Image
tt1568346_105,Dark Night of the Soul
tt1570728_105,Set-Up
tt0970416_105,Debate
tt0988595_105,Set-Up
tt1632708_105,Set-Up
tt2267998_105,Set-Up
tt1010048_105,Set-Up
tt1045658_105,Set-Up
tt1499658_105,Set-Up
tt0822832_105,Final Image
tt1907668_106,Dark Night of the Soul
tt2267998_106,Set-Up
tt1499658_106,Set-Up
tt1010048_106,Set-Up
tt1045658_106,Set-Up
tt1568346_106,Dark Night of the Soul
tt1193138_106,Final Image
tt1385826_106,Set-Up
tt1570728_106,Set-Up
tt1142988_106,Set-Up
tt1189340_106,Finale
tt0988595_106,Set-Up
tt1632708_106,Set-Up
tt1454029_106,Final Image
tt1285016_106,Final Image
tt1189340_107,Finale
tt1285016_107,Final Image
tt1385826_107,Set-Up
tt1907668_107,Dark Night of the Soul
tt0988595_107,Set-Up
tt1454029_107,Final Image
tt1142988_107,Set-Up
tt1010048_107,Set-Up
tt2267998_107,Set-Up
tt1632708_107,Set-Up
tt0822832_107,B Story
tt1570728_107,Set-Up
tt1045658_107,Set-Up
tt1193138_107,Final Image
tt1798709_107,Set-Up
tt1454029_108,Final Image
tt1142988_108,Set-Up
tt1045658_108,Set-Up
tt1570728_108,Set-Up
tt1285016_108,Final Image
tt1385826_108,Set-Up
tt0988595_108,Set-Up
tt1632708_108,Set-Up
tt2267998_108,Set-Up
tt1193138_108,Final Image
tt1570728_109,Set-Up
tt1632708_109,Set-Up
tt2267998_109,Set-Up
tt0822832_109,B Story
tt1499658_109,Set-Up
tt1285016_109,Set-Up
tt1010048_109,Set-Up
tt1798709_109,Set-Up
tt1385826_109,Set-Up
tt1142988_109,Set-Up
tt1454029_109,Final Image
tt1193138_109,Final Image
tt0988595_109,Catalyst
tt1045658_109,Set-Up
tt1568346_110,Dark Night of the Soul
tt1385826_110,Set-Up
tt1570728_110,Set-Up
tt1142988_110,Set-Up
tt1189340_110,Finale
tt0988595_110,Set-Up
tt1045658_110,Set-Up
tt0822832_110,Final Image
tt1193138_110,Final Image
tt1285016_110,Set-Up
tt0822832_111,Final Image
tt1045658_111,Set-Up
tt2267998_111,Set-Up
tt1568346_111,Dark Night of the Soul
tt0988595_111,Set-Up
tt1385826_111,Set-Up
tt1499658_111,Set-Up
tt1193138_111,Final Image
tt1632708_111,Set-Up
tt1798709_111,Set-Up
tt1142988_111,Set-Up
tt1285016_111,Set-Up
tt1454029_111,Final Image
tt1285016_112,Set-Up
tt1568346_112,Dark Night of the Soul
tt1499658_112,Set-Up
tt1798709_112,Set-Up
tt1385826_112,Set-Up
tt1189340_112,Finale
tt0822832_112,Final Image
tt1193138_112,Final Image
tt1142988_112,Set-Up
tt0988595_112,Set-Up
tt2267998_112,Set-Up
tt1045658_112,Set-Up
tt1632708_112,Set-Up
tt1285016_113,Set-Up
tt2267998_113,Set-Up
tt0988595_113,Debate
tt1632708_113,Set-Up
tt0822832_113,Final Image
tt1499658_113,Set-Up
tt1454029_113,Final Image
tt1142988_113,Set-Up
tt1045658_113,Set-Up
tt1193138_113,Final Image
tt1798709_113,Set-Up
tt1907668_114,Dark Night of the Soul
tt1454029_114,Final Image
tt1142988_114,Set-Up
tt1285016_114,Set-Up
tt1193138_114,Final Image
tt0988595_114,Debate
tt1499658_114,Set-Up
tt1045658_114,B Story
tt1385826_114,Set-Up
tt1632708_114,Set-Up
tt2267998_115,Set-Up
tt1285016_115,Set-Up
tt1385826_115,Set-Up
tt1193138_115,Set-Up
tt1568346_115,Dark Night of the Soul
tt1632708_115,Set-Up
tt1454029_115,Final Image
tt0822832_115,Fun and Games
tt0988595_115,Debate
tt1189340_115,Finale
tt2267998_116,Set-Up
tt1045658_116,Set-Up
tt1454029_116,Set-Up
tt1142988_116,Set-Up
tt1385826_116,Set-Up
tt1907668_116,Break into Three
tt1285016_116,Set-Up
tt0988595_116,Debate
tt1193138_116,Set-Up
tt1568346_116,Dark Night of the Soul
tt1632708_116,Set-Up
tt1189340_116,Finale
tt1499658_117,Set-Up
tt1568346_117,Finale
tt2267998_117,Set-Up
tt1385826_117,Set-Up
tt1045658_117,Catalyst
tt1454029_117,Set-Up
tt1632708_117,Set-Up
tt0822832_117,Final Image
tt1193138_117,Set-Up
tt0988595_117,Debate
tt1142988_117,Set-Up
tt1454029_118,Set-Up
tt2267998_118,B Story
tt1632708_118,Set-Up
tt1907668_118,Break into Three
tt0988595_118,Debate
tt1045658_118,Catalyst
tt1568346_118,Finale
tt1189340_118,Final Image
tt1142988_118,Set-Up
tt1193138_118,Set-Up
tt1189340_119,Final Image
tt1142988_119,Set-Up
tt1193138_119,Set-Up
tt1045658_119,Catalyst
tt1499658_119,Set-Up
tt0988595_119,Debate
tt1385826_119,Set-Up
tt1285016_119,Set-Up
tt1193138_120,Set-Up
tt1907668_120,Dark Night of the Soul
tt1189340_120,Final Image
tt1499658_120,Set-Up
tt1142988_120,Catalyst
tt1045658_120,Catalyst
tt2267998_120,B Story
tt1385826_120,Set-Up
tt0988595_120,B Story
tt1632708_120,Set-Up
tt1568346_120,Finale
tt1454029_120,Set-Up
tt1632708_121,Set-Up
tt0988595_121,B Story
tt1142988_121,Catalyst
tt1568346_121,Finale
tt1385826_121,Set-Up
tt2267998_121,B Story
tt1193138_121,Set-Up
tt1045658_121,Debate
tt1907668_121,Dark Night of the Soul
tt1454029_121,Set-Up
tt1499658_122,Set-Up
tt1385826_122,Set-Up
tt1142988_122,Catalyst
tt1454029_122,Set-Up
tt1045658_122,Debate
tt1189340_122,Final Image
tt0988595_122,B Story
tt1632708_122,Set-Up
tt1285016_122,Set-Up
tt1568346_122,Finale
tt1045658_123,Catalyst
tt1189340_123,Final Image
tt1142988_123,Catalyst
tt1454029_123,Set-Up
tt2267998_123,B Story
tt0988595_123,B Story
tt1193138_123,Set-Up
tt1632708_123,Set-Up
tt1285016_123,Set-Up
tt1385826_123,Set-Up
tt1499658_123,Set-Up
tt1568346_123,Finale
tt1385826_124,Set-Up
tt2267998_124,B Story
tt1142988_124,Debate
tt1568346_124,Finale
tt1632708_124,Catalyst
tt1045658_124,Bad Guys Close In
tt1499658_124,Set-Up
tt1193138_124,Set-Up
tt1285016_124,Set-Up
tt1454029_124,Set-Up
tt1568346_125,Finale
tt1142988_125,Debate
tt1189340_125,Final Image
tt2267998_125,B Story
tt1632708_125,Catalyst
tt1454029_125,Set-Up
tt1285016_125,Set-Up
tt1045658_125,Debate
tt1499658_125,Set-Up
tt1385826_125,Set-Up
tt1385826_126,Set-Up
tt1907668_126,Dark Night of the Soul
tt1568346_126,Finale
tt2267998_126,B Story
tt1285016_126,Set-Up
tt1632708_126,Catalyst
tt1193138_126,Set-Up
tt1045658_126,Debate
tt1189340_126,Final Image
tt1499658_126,Set-Up
tt2267998_127,B Story
tt1568346_127,Finale
tt1045658_127,Debate
tt1142988_127,Catalyst
tt1454029_127,Set-Up
tt1193138_127,Set-Up
tt1499658_127,Set-Up
tt1189340_127,Final Image
tt0988595_127,B Story
tt1142988_128,Debate
tt1499658_128,Set-Up
tt1045658_128,Debate
tt1193138_128,Set-Up
tt1907668_128,Dark Night of the Soul
tt1385826_128,Set-Up
tt1454029_128,Set-Up
tt1285016_128,Set-Up
tt1568346_128,Finale
tt1189340_128,Final Image
tt2267998_128,B Story
tt0988595_128,B Story
tt0988595_129,B Story
tt1142988_129,Debate
tt1499658_129,Set-Up
tt1189340_129,Final Image
tt1045658_129,Dark Night of the Soul
tt1193138_129,Set-Up
tt2267998_129,B Story
tt1907668_129,Dark Night of the Soul
tt1385826_129,Set-Up
tt1285016_129,Set-Up
tt1907668_130,Dark Night of the Soul
tt1189340_130,Set-Up
tt1045658_130,Dark Night of the Soul
tt1142988_130,Debate
tt0988595_130,B Story
tt2267998_130,B Story
tt1454029_130,Set-Up
tt1189340_131,Set-Up
tt1454029_131,Set-Up
tt1285016_131,Set-Up
tt0988595_131,B Story
tt1045658_131,Dark Night of the Soul
tt1499658_131,Set-Up
tt1385826_131,Catalyst
tt1142988_131,Debate
tt2267998_131,Midpoint
tt1285016_132,B Story
tt1907668_132,Dark Night of the Soul
tt1193138_132,Set-Up
tt1189340_132,Set-Up
tt0988595_132,B Story
tt1454029_132,Set-Up
tt1142988_132,Catalyst
tt1045658_132,Break into Three
tt1568346_132,Final Image
tt1142988_133,B Story
tt1193138_133,Set-Up
tt1189340_133,Set-Up
tt1499658_133,Catalyst
tt1385826_133,Catalyst
tt1454029_133,Set-Up
tt0988595_133,B Story
tt1568346_134,Final Image
tt0988595_134,Midpoint
tt1142988_134,B Story
tt2267998_134,Bad Guys Close In
tt1907668_134,Finale
tt1454029_134,Set-Up
tt1193138_134,Set-Up
tt1045658_134,Break into Three
tt1285016_134,Set-Up
tt1385826_134,Catalyst
tt1499658_134,Catalyst
tt1045658_135,Break into Three
tt1499658_135,Catalyst
tt1193138_135,Set-Up
tt0988595_135,Bad Guys Close In
tt1285016_135,B Story
tt1907668_135,Finale
tt1454029_135,Set-Up
tt1499658_136,Catalyst
tt1568346_136,Final Image
tt1045658_136,Dark Night of the Soul
tt1285016_136,B Story
tt1189340_136,Set-Up
tt1385826_136,Catalyst
tt1907668_136,Finale
tt1454029_136,Set-Up
tt0988595_136,Bad Guys Close In
tt1285016_137,B Story
tt1189340_137,Set-Up
tt2267998_137,Bad Guys Close In
tt1193138_137,B Story
tt0988595_137,Bad Guys Close In
tt1454029_137,Set-Up
tt1385826_137,B Story
tt1568346_137,Final Image
tt1193138_138,Set-Up
tt0988595_138,Bad Guys Close In
tt2267998_138,Bad Guys Close In
tt1499658_138,Debate
tt1045658_138,Dark Night of the Soul
tt1454029_138,Set-Up
tt1907668_138,Finale
tt1385826_138,Debate
tt1285016_138,B Story
tt1499658_139,Debate
tt1454029_139,Set-Up
tt1385826_139,Catalyst
tt1568346_139,Final Image
tt1189340_139,Set-Up
tt1045658_139,Dark Night of the Soul
tt0988595_139,All Is Lost
tt1907668_139,Finale
tt1285016_139,B Story
tt1193138_140,Set-Up
tt1285016_140,B Story
tt1907668_140,Finale
tt1045658_140,Midpoint
tt1499658_140,Debate
tt1454029_140,Catalyst
tt1189340_140,Set-Up
tt0988595_140,All Is Lost
tt2267998_140,Bad Guys Close In
tt1385826_140,Debate
tt2267998_141,All Is Lost
tt1499658_141,Debate
tt1568346_141,Final Image
tt1193138_141,Set-Up
tt1454029_141,Catalyst
tt0988595_141,Dark Night of the Soul
tt1385826_141,Debate
tt1045658_141,Finale
tt1385826_142,Debate
tt1193138_142,B Story
tt1499658_142,Debate
tt2267998_142,All Is Lost
tt1454029_142,Catalyst
tt1189340_142,Set-Up
tt0988595_142,Dark Night of the Soul
tt1568346_142,Final Image
tt1285016_142,B Story
tt1907668_142,Finale
tt1907668_143,Finale
tt1454029_143,Catalyst
tt1193138_143,B Story
tt1189340_143,Set-Up
tt1499658_143,Debate
tt1045658_143,Finale
tt0988595_143,Break into Three
tt2267998_143,Dark Night of the Soul
tt1568346_143,Final Image
tt1189340_144,Set-Up
tt1385826_144,Debate
tt1907668_144,Finale
tt2267998_144,Dark Night of the Soul
tt1285016_144,B Story
tt1568346_144,Final Image
tt1454029_144,Debate
tt0988595_144,Break into Three
tt1499658_144,Debate
tt1045658_145,Finale
tt1285016_145,Midpoint
tt1189340_145,Set-Up
tt1385826_145,Catalyst
tt2267998_145,Break into Three
tt1454029_145,Debate
tt1499658_145,Debate
tt1193138_145,Catalyst
tt0988595_145,Break into Three
tt1568346_145,Final Image
tt1907668_145,Finale
tt1499658_146,B Story
tt1454029_146,Catalyst
tt1193138_146,Catalyst
tt1285016_146,Bad Guys Close In
tt0988595_146,Dark Night of the Soul
tt1189340_146,Set-Up
tt1568346_146,Set-Up
tt2267998_146,Break into Three
tt1285016_147,Bad Guys Close In
tt1499658_147,Dark Night of the Soul
tt1385826_147,B Story
tt1454029_147,Debate
tt1907668_147,Finale
tt1189340_147,Set-Up
tt1568346_147,Set-Up
tt0988595_147,Dark Night of the Soul
tt2267998_147,Break into Three
tt1045658_147,Finale
tt1189340_148,Set-Up
tt0988595_148,Dark Night of the Soul
tt2267998_148,Dark Night of the Soul
tt1193138_148,Debate
tt1568346_148,Set-Up
tt1499658_148,Dark Night of the Soul
tt1454029_148,Bad Guys Close In
tt1385826_148,Dark Night of the Soul
tt1285016_148,Bad Guys Close In
tt1285016_149,Bad Guys Close In
tt1454029_149,Debate
tt2267998_149,Dark Night of the Soul
tt1499658_149,B Story
tt1907668_149,Final Image
tt1193138_149,B Story
tt0988595_149,Dark Night of the Soul
tt1568346_149,Set-Up
tt1189340_149,Set-Up
tt1907668_150,Final Image
tt1045658_150,Finale
tt2267998_150,Dark Night of the Soul
tt1385826_150,B Story
tt0988595_150,Finale
tt1454029_150,Debate
tt1189340_150,Set-Up
tt1385826_151,B Story
tt1189340_151,Set-Up
tt1454029_151,Catalyst
tt1568346_151,Set-Up
tt1285016_151,All Is Lost
tt2267998_151,Midpoint
tt1045658_152,Finale
tt1454029_152,B Story
tt2267998_152,Finale
tt0988595_152,Finale
tt1189340_152,Set-Up
tt1499658_152,B Story
tt1385826_152,B Story
tt1285016_152,All Is Lost
tt1568346_153,Set-Up
tt1454029_153,Dark Night of the Soul
tt0988595_153,Finale
tt1907668_153,Final Image
tt1385826_153,B Story
tt1285016_153,Dark Night of the Soul
tt1499658_153,B Story
tt1193138_153,Midpoint
tt1385826_154,Dark Night of the Soul
tt1499658_154,B Story
tt1045658_154,Finale
tt1189340_154,Set-Up
tt2267998_154,Finale
tt1285016_154,Dark Night of the Soul
tt0988595_154,Finale
tt1193138_154,Bad Guys Close In
tt1454029_154,Dark Night of the Soul
tt1385826_155,B Story
tt1907668_155,Final Image
tt2267998_155,Finale
tt0988595_155,Finale
tt1045658_155,Finale
tt1193138_155,Bad Guys Close In
tt1285016_155,Break into Three
tt1499658_155,B Story
tt1454029_155,Break into Three
tt1454029_156,Break into Three
tt1568346_156,Set-Up
tt1193138_156,Bad Guys Close In
tt1189340_156,Set-Up
tt0988595_156,Finale
tt1385826_156,Midpoint
tt1907668_156,Final Image
tt1499658_156,Midpoint
tt2267998_156,Finale
tt1045658_156,Theme Stated
tt1568346_157,Set-Up
tt1193138_157,Bad Guys Close In
tt1907668_157,Final Image
tt1045658_157,Theme Stated
tt1499658_157,Midpoint
tt0988595_157,Finale
tt1189340_157,Catalyst
tt1385826_157,Midpoint
tt2267998_157,Finale
tt0988595_158,Finale
tt1568346_158,Set-Up
tt2267998_158,Finale
tt1907668_158,Final Image
tt1045658_158,Theme Stated
tt1499658_158,Midpoint
tt1285016_158,Break into Three
tt1189340_158,B Story
tt1454029_158,Break into Three
tt1193138_158,All Is Lost
tt1385826_158,Midpoint
tt2267998_159,Finale
tt1285016_159,Break into Three
tt1193138_159,B Story
tt1045658_159,Theme Stated
tt1454029_159,Dark Night of the Soul
tt1499658_159,Finale
tt1385826_159,Midpoint
tt0988595_159,Theme Stated
tt1907668_160,Final Image
tt1193138_160,Dark Night of the Soul
tt1568346_160,Set-Up
tt1189340_160,Catalyst
tt1045658_160,Theme Stated
tt2267998_160,Finale
tt1454029_160,Dark Night of the Soul
tt1499658_160,Midpoint
tt1385826_160,Finale
tt0988595_160,Theme Stated
tt1285016_160,Dark Night of the Soul
tt0988595_161,Theme Stated
tt1285016_161,Dark Night of the Soul
tt1454029_161,Dark Night of the Soul
tt1045658_161,Theme Stated
tt1189340_161,B Story
tt1193138_161,Dark Night of the Soul
tt1499658_161,Finale
tt1385826_161,Finale
tt1189340_162,B Story
tt1193138_162,Break into Three
tt1454029_162,Midpoint
tt2267998_162,Theme Stated
tt1385826_162,Bad Guys Close In
tt1499658_162,B Story
tt0988595_162,Theme Stated
tt1045658_162,Theme Stated
tt1454029_163,Finale
tt1189340_163,B Story
tt1385826_163,Finale
tt1045658_163,Theme Stated
tt1499658_163,Bad Guys Close In
tt2267998_163,Theme Stated
tt1907668_163,Final Image
tt1193138_163,Break into Three
tt0988595_163,Theme Stated
tt1045658_164,Theme Stated
tt2267998_164,Theme Stated
tt0988595_164,Theme Stated
tt1907668_164,Final Image
tt1499658_164,Bad Guys Close In
tt1193138_164,Break into Three
tt1454029_164,Finale
tt1385826_164,Bad Guys Close In
tt1285016_164,Dark Night of the Soul
tt1499658_165,Finale
tt1568346_165,Set-Up
tt1454029_165,Finale
tt1045658_165,Theme Stated
tt1193138_165,Dark Night of the Soul
tt1189340_165,Debate
tt2267998_165,Theme Stated
tt1285016_165,Midpoint
tt1907668_165,Set-Up
tt0988595_165,Theme Stated
tt1568346_166,Set-Up
tt1454029_166,Finale
tt1285016_166,Finale
tt2267998_166,Theme Stated
tt1907668_166,Set-Up
tt0988595_166,Theme Stated
tt1193138_166,Dark Night of the Soul
tt1285016_167,Finale
tt1568346_167,Set-Up
tt1193138_167,Dark Night of the Soul
tt2267998_167,Theme Stated
tt1499658_167,Theme Stated
tt1454029_167,Finale
tt1045658_167,Theme Stated
tt1189340_167,Debate
tt1285016_168,Finale
tt1193138_168,Midpoint
tt1454029_168,Finale
tt1189340_168,Bad Guys Close In
tt0988595_168,Theme Stated
tt1499658_168,Theme Stated
tt2267998_168,Theme Stated
tt1907668_168,Set-Up
tt1568346_168,Set-Up
tt1189340_169,Debate
tt2267998_169,Theme Stated
tt1907668_169,Set-Up
tt1568346_169,Set-Up
tt0988595_169,Theme Stated
tt1285016_169,Finale
tt1499658_169,Theme Stated
tt1454029_169,Finale
tt1193138_169,Finale
tt0988595_170,Theme Stated
tt1568346_170,Set-Up
tt1907668_170,Set-Up
tt1189340_170,Debate
tt1499658_170,Theme Stated
tt1285016_170,Finale
tt1454029_170,Finale
tt1193138_170,Finale
tt0988595_171,Theme Stated
tt1189340_171,Debate
tt1285016_171,Finale
tt1568346_171,Set-Up
tt1193138_171,Finale
tt2267998_171,Theme Stated
tt1454029_171,Theme Stated
tt1907668_171,Set-Up
tt1499658_171,Theme Stated
tt0988595_172,Theme Stated
tt1193138_172,Finale
tt1285016_172,Finale
tt1454029_172,Theme Stated
tt1907668_172,Set-Up
tt1568346_172,Set-Up
tt2267998_172,Theme Stated
tt1193138_173,Finale
tt2267998_173,Theme Stated
tt1285016_173,Finale
tt1189340_173,B Story
tt1454029_173,Theme Stated
tt1193138_174,Finale
tt2267998_174,Theme Stated
tt0988595_174,Theme Stated
tt1189340_174,Dark Night of the Soul
tt1454029_174,Theme Stated
tt1285016_174,Theme Stated
tt2267998_175,Theme Stated
tt1907668_175,Set-Up
tt0988595_175,Set-Up
tt1189340_175,Dark Night of the Soul
tt1193138_175,Finale
tt1454029_175,Theme Stated
tt1285016_175,Theme Stated
tt1285016_176,Theme Stated
tt1193138_176,Finale
tt2267998_176,Theme Stated
tt1454029_176,Theme Stated
tt1189340_176,Break into Three
tt0988595_176,Set-Up
tt1454029_177,Theme Stated
tt1285016_177,Theme Stated
tt1568346_177,Set-Up
tt2267998_177,Set-Up
tt1193138_177,Theme Stated
tt1189340_177,B Story
tt0988595_177,Set-Up
tt1907668_177,Set-Up
tt2267998_178,Set-Up
tt1193138_178,Theme Stated
tt1454029_178,Theme Stated
tt1568346_178,Set-Up
tt0988595_179,Set-Up
tt1454029_179,Theme Stated
tt2267998_179,Set-Up
tt1189340_179,Break into Three
tt1907668_179,Set-Up
tt1568346_179,Set-Up
tt1285016_179,Theme Stated
tt1454029_180,Theme Stated
tt2267998_180,Set-Up
tt1568346_180,Catalyst
tt1285016_180,Theme Stated
tt1193138_180,Theme Stated
tt1454029_181,Theme Stated
tt0988595_181,Set-Up
tt1193138_181,Theme Stated
tt2267998_182,Set-Up
tt1189340_182,Dark Night of the Soul
tt1907668_182,Set-Up
tt1285016_182,Theme Stated
tt0988595_182,Set-Up
tt1568346_182,Catalyst
tt1193138_182,Theme Stated
tt0988595_183,Set-Up
tt2267998_183,Set-Up
tt1568346_183,Catalyst
tt1193138_183,Theme Stated
tt1285016_183,Theme Stated
tt1285016_184,Theme Stated
tt1189340_184,Dark Night of the Soul
tt2267998_184,Set-Up
tt0988595_184,Set-Up
tt1907668_184,Set-Up
tt0988595_185,Set-Up
tt1907668_185,Set-Up
tt2267998_185,Set-Up
tt1189340_185,Dark Night of the Soul
tt1285016_185,Theme Stated
tt1193138_185,Theme Stated
tt2267998_186,Set-Up
tt1193138_186,Theme Stated
tt1907668_186,Set-Up
tt1189340_186,Midpoint
tt1193138_187,Theme Stated
tt2267998_187,Set-Up
tt1285016_187,Theme Stated
tt1189340_187,Finale
tt0988595_187,Set-Up
tt0988595_188,Set-Up
tt1285016_188,Theme Stated
tt1189340_188,Midpoint
tt1907668_188,Set-Up
tt1907668_189,Set-Up
tt2267998_189,Set-Up
tt0988595_189,Set-Up
tt1285016_189,Theme Stated
tt1189340_189,Finale
tt1193138_189,Theme Stated
tt1189340_190,Finale
tt1193138_190,Theme Stated
tt2267998_190,Set-Up
tt0988595_190,Set-Up
tt0988595_191,Set-Up
tt1193138_191,Theme Stated
tt1285016_191,Theme Stated
tt0988595_192,Set-Up
tt1285016_192,Set-Up
tt1189340_192,Finale
tt0988595_193,Set-Up
tt2267998_193,Set-Up
tt1285016_193,Set-Up
tt1907668_193,Set-Up
tt2267998_194,Set-Up
tt1193138_194,Theme Stated
tt1285016_194,Set-Up
tt0988595_194,Set-Up
tt1189340_194,Finale
tt1193138_195,Theme Stated
tt2267998_195,Set-Up
tt1285016_195,Set-Up
tt0988595_195,Set-Up
tt1189340_195,Finale
tt1189340_196,Finale
tt2267998_196,Set-Up
tt1907668_196,Set-Up
tt0988595_196,Set-Up
tt1189340_197,Theme Stated
tt1568346_197,Catalyst
tt0988595_197,Set-Up
tt2267998_197,Set-Up
tt2267998_198,Set-Up
tt1907668_198,Set-Up
tt0988595_198,Set-Up
tt1193138_198,Set-Up
tt1285016_198,Set-Up
tt1189340_199,Theme Stated
tt1907668_199,Set-Up
tt1285016_199,Set-Up
tt2267998_199,Set-Up
tt0988595_199,Set-Up
tt1189340_200,Theme Stated
tt0988595_200,Set-Up
tt1285016_200,Set-Up
tt2267998_200,Set-Up
tt2267998_201,Set-Up
tt1193138_201,Set-Up
tt1189340_201,Theme Stated
tt1285016_201,Set-Up
tt1907668_201,Set-Up
tt0988595_201,Set-Up
tt2267998_202,Set-Up
tt1285016_202,Set-Up
tt1907668_202,Catalyst
tt1189340_202,Theme Stated
tt0988595_202,Set-Up
tt1568346_202,Debate
tt1193138_203,Set-Up
tt1189340_203,Theme Stated
tt0988595_203,Set-Up
tt2267998_203,Set-Up
tt1285016_203,Set-Up
tt1189340_204,Theme Stated
tt0988595_204,Set-Up
tt2267998_204,Set-Up
tt1285016_204,Set-Up
tt2267998_205,Set-Up
tt1285016_205,Set-Up
tt0988595_205,Set-Up
tt1189340_205,Theme Stated
tt0988595_206,Set-Up
tt2267998_206,Set-Up
tt1189340_206,Theme Stated
tt1907668_206,Catalyst
tt0988595_207,Set-Up
tt1285016_207,Set-Up
tt1193138_207,Set-Up
tt2267998_207,Set-Up
tt1189340_207,Theme Stated
tt1285016_208,Set-Up
tt0988595_208,Set-Up
tt1568346_208,Debate
tt1193138_208,Set-Up
tt2267998_208,Set-Up
tt0988595_209,Set-Up
tt1568346_209,Catalyst
tt1189340_209,Theme Stated
tt1285016_209,Set-Up
tt1193138_209,Set-Up
tt1907668_209,Catalyst
tt2267998_209,Set-Up
tt2267998_210,Set-Up
tt0988595_210,Set-Up
tt1189340_210,Theme Stated
tt1193138_210,Set-Up
tt1285016_210,Set-Up
tt2267998_211,Set-Up
tt1907668_211,Catalyst
tt1568346_211,Debate
tt1193138_211,Set-Up
tt0988595_211,Set-Up
tt1285016_211,Set-Up
tt1285016_212,Set-Up
tt1189340_212,Theme Stated
tt0988595_212,Set-Up
tt2267998_212,Set-Up
tt1568346_213,Debate
tt1907668_213,Debate
tt0988595_213,Set-Up
tt1193138_213,Set-Up
tt2267998_213,Set-Up
tt1285016_213,Set-Up
tt1189340_213,Theme Stated
tt0988595_214,Set-Up
tt1285016_214,Set-Up
tt1907668_214,Debate
tt1189340_214,Set-Up
tt1193138_214,Set-Up
tt2267998_214,Set-Up
tt1189340_215,Set-Up
tt2267998_215,Set-Up
tt0988595_215,Set-Up
tt1568346_215,Debate
tt0988595_216,Set-Up
tt1193138_216,Set-Up
tt1285016_216,Set-Up
tt2267998_216,Set-Up
tt0988595_217,Set-Up
tt1568346_217,Debate
tt2267998_217,Set-Up
tt1907668_217,Catalyst
tt1189340_217,Set-Up
tt0988595_218,Set-Up
tt1193138_218,Set-Up
tt2267998_218,Set-Up
tt0988595_219,Set-Up
tt1189340_219,Set-Up
tt2267998_219,Set-Up
tt1907668_219,Debate
tt1568346_219,Debate
tt0988595_220,Set-Up
tt2267998_220,Set-Up
tt1189340_220,Set-Up
tt1193138_220,Set-Up
tt1568346_221,B Story
tt1189340_221,Set-Up
tt0988595_221,Set-Up
tt1568346_222,Dark Night of the Soul
tt1189340_223,Set-Up
tt1568346_223,Dark Night of the Soul
tt0988595_223,Set-Up
tt1189340_224,Set-Up
tt1568346_224,Break into Three
tt0988595_224,Set-Up
tt1568346_225,Break into Three
tt0988595_225,Set-Up
tt0988595_226,Set-Up
tt1189340_226,Set-Up
tt1568346_226,Break into Three
tt0988595_227,Set-Up
tt1189340_227,Set-Up
tt0988595_228,Set-Up
tt1189340_229,Set-Up
tt0988595_229,Set-Up
tt1568346_229,Dark Night of the Soul
tt0988595_230,Set-Up
tt1568346_230,Dark Night of the Soul
tt0988595_231,Set-Up
tt1568346_231,Dark Night of the Soul
tt1189340_231,Set-Up
tt1189340_232,Set-Up
tt0988595_232,Set-Up
tt1189340_233,Set-Up
tt1568346_233,Midpoint
tt0988595_233,Set-Up
tt0988595_234,Set-Up
tt1189340_234,Set-Up
tt1568346_234,Finale
tt1568346_235,Finale
tt0988595_235,Set-Up
tt1568346_236,Finale
tt0988595_236,Set-Up
tt1568346_237,Finale
tt0988595_237,Set-Up
tt0988595_238,Set-Up
tt1568346_238,Finale
tt0988595_239,Set-Up
tt1568346_239,Finale
tt0988595_240,Set-Up
tt0988595_241,Set-Up
tt1568346_242,Finale
tt0988595_242,Set-Up
tt1568346_243,Finale
tt0988595_243,Set-Up
tt0988595_244,Set-Up
tt1568346_244,Theme Stated
tt1568346_245,Theme Stated
tt0988595_245,Set-Up
tt1568346_246,Theme Stated
tt1568346_247,Theme Stated
tt1568346_248,Theme Stated
tt0988595_248,Set-Up
tt0988595_249,Set-Up
tt1568346_249,Theme Stated
tt0988595_250,Set-Up
tt0988595_251,Set-Up
tt0988595_252,Set-Up
tt0988595_253,Set-Up
tt1568346_254,Theme Stated
tt0988595_254,Set-Up
tt0988595_255,Set-Up
tt0988595_256,Set-Up
tt1568346_256,Theme Stated
tt0988595_257,Set-Up
tt1568346_258,Theme Stated
tt0988595_258,Set-Up
tt0988595_259,Set-Up
tt0988595_260,Set-Up
tt1568346_261,Theme Stated
tt0988595_261,Set-Up
tt1568346_262,Theme Stated
tt0988595_262,Set-Up
tt0988595_263,Set-Up
tt0988595_264,Set-Up
tt1568346_265,Theme Stated
tt0988595_265,Set-Up
tt0988595_266,Set-Up
tt0988595_267,Set-Up
tt0988595_268,Set-Up
tt0988595_269,Set-Up
tt0988595_270,Set-Up
tt0988595_271,Set-Up
tt1568346_271,Theme Stated
tt0988595_272,Set-Up
tt1568346_272,Theme Stated
tt1568346_273,Set-Up
tt0988595_273,Set-Up
tt0988595_274,Set-Up
tt1568346_275,Set-Up
tt0988595_275,Set-Up
tt0988595_276,Catalyst
tt1568346_277,Set-Up
tt0988595_277,Catalyst
tt0988595_278,Catalyst
tt0988595_279,Catalyst
tt1568346_279,Set-Up
tt0988595_280,Catalyst
tt0988595_281,Catalyst
tt0988595_283,Catalyst
tt0988595_284,Catalyst
tt0988595_285,Catalyst
tt0988595_286,Catalyst
tt0988595_287,Catalyst
tt0988595_288,Catalyst
tt0988595_289,Catalyst
tt0988595_290,Catalyst
tt0988595_292,Catalyst
tt0988595_293,Catalyst
tt0988595_294,Catalyst
tt0988595_295,Debate
tt0988595_297,Debate
tt0988595_298,Debate
tt0988595_300,Debate
tt0988595_302,Debate
tt0988595_303,Debate
tt0988595_304,Debate
tt0988595_305,Debate
tt0988595_306,Debate
tt0988595_307,B Story
tt0988595_308,Debate
tt0988595_309,Debate
tt0988595_310,B Story
tt0988595_311,Debate
tt0988595_312,Debate
tt0988595_314,Debate
